filename,text
0.png,PTXL
1.png,61M3
2.png,VT81
3.png,LB4F
4.png,JGLN
5.png,R9NL
6.png,MXKW
7.png,94HG
8.png,6M1P
9.png,P3VH
10.png,N8CZ
11.png,4JP5
12.png,62HV
13.png,CV8P
14.png,DG9B
15.png,W285
16.png,MNP5
17.png,GKX5
18.png,D958
19.png,BHCT
20.png,VNR5
21.png,P745
22.png,CFHZ
23.png,PG62
24.png,TM24
25.png,BH7V
26.png,G6C5
27.png,ZS18
28.png,Z798
29.png,78M5
30.png,KFJ4
31.png,8HW5
32.png,H26B
33.png,RZG9
34.png,5SZV
35.png,M7HZ
36.png,BTRW
37.png,KDF5
38.png,61ZT
39.png,7KNT
40.png,ZRDC
41.png,4PTS
42.png,ZR1T
43.png,LXNF
44.png,3CPG
45.png,J31M
46.png,M9V4
47.png,FPM9
48.png,G48P
49.png,HW3V
50.png,TF54
51.png,8TVW
52.png,8ZR1
53.png,4MJZ
54.png,DFLG
55.png,5H1J
56.png,XS3D
57.png,7DBJ
58.png,DMGK
59.png,GVFM
60.png,CT5M
61.png,328H
62.png,VDGX
63.png,XL83
64.png,TJ5N
65.png,PHKZ
66.png,5BJ6
67.png,4VX1
68.png,RL8H
69.png,8NZR
70.png,7ZFR
71.png,ZX2M
72.png,Z1B6
73.png,GZFX
74.png,7824
75.png,J1XD
76.png,G7RD
77.png,L5R3
78.png,GBZT
79.png,G857
80.png,3FZJ
81.png,89NX
82.png,B9S7
83.png,NTVL
84.png,TGV2
85.png,X3MH
86.png,T8WR
87.png,5HD7
88.png,6239
89.png,F98X
90.png,ZCBV
91.png,V9JF
92.png,6FLB
93.png,NMVW
94.png,8FV4
95.png,M96V
96.png,GM5R
97.png,PWN9
98.png,61CD
99.png,FCB9
100.png,5MJB
101.png,PFDT
102.png,2M39
103.png,L9DF
104.png,D7CH
105.png,GP1S
106.png,R9BW
107.png,1V7W
108.png,VGXD
109.png,V6NB
110.png,BXGW
111.png,5ZJR
112.png,CWT3
113.png,LGTK
114.png,CPRG
115.png,4TFK
116.png,HLPK
117.png,L6BD
118.png,V498
119.png,C7K6
120.png,5WX2
121.png,319P
122.png,W1D2
123.png,D263
124.png,413G
125.png,CN78
126.png,JR1G
127.png,RF5Z
128.png,S84X
129.png,D78P
130.png,KSGB
131.png,3THD
132.png,ZFJ4
133.png,LW6N
134.png,4BPV
135.png,XNMF
136.png,3KVT
137.png,6WXK
138.png,8MZH
139.png,WX98
140.png,X2JN
141.png,CFT7
142.png,W2MK
143.png,R97P
144.png,LDZN
145.png,39FW
146.png,W73R
147.png,DJX9
148.png,KCG3
149.png,B87D
150.png,K9GB
151.png,J8ST
152.png,261T
153.png,P4ND
154.png,HFJ7
155.png,NS1K
156.png,SD6P
157.png,SWVP
158.png,7Z5L
159.png,9G83
160.png,6LM5
161.png,RM9H
162.png,83ZX
163.png,42FS
164.png,Z8D2
165.png,3FPK
166.png,8XM3
167.png,67P5
168.png,D6Z1
169.png,5N7L
170.png,JSR2
171.png,LDM4
172.png,XGFD
173.png,CV2H
174.png,HPK5
175.png,BVT4
176.png,D86B
177.png,B2L3
178.png,KMV3
179.png,RX3M
180.png,3FXL
181.png,9M5G
182.png,V9KL
183.png,ZJRG
184.png,BMVL
185.png,321B
186.png,NRK5
187.png,98VH
188.png,LH7W
189.png,RF1L
190.png,64BR
191.png,H62L
192.png,97P1
193.png,9B1H
194.png,FDPR
195.png,GPHM
196.png,P2JC
197.png,ZHLP
198.png,LV3S
199.png,KF1V
200.png,7NVT
201.png,4HPK
202.png,VKSM
203.png,RC9P
204.png,RH4J
205.png,WLN3
206.png,BR2N
207.png,JZPG
208.png,HSC4
209.png,MDZ4
210.png,WKT8
211.png,HFBZ
212.png,8M5X
213.png,W27F
214.png,BRZ4
215.png,8X4M
216.png,2T8M
217.png,9BLN
218.png,325D
219.png,TC8L
220.png,ZTH5
221.png,J57W
222.png,2BG6
223.png,KJ13
224.png,7XKZ
225.png,S5Z8
226.png,V5XD
227.png,BF6V
228.png,X5L1
229.png,HTZK
230.png,89VZ
231.png,FT9R
232.png,TZRJ
233.png,51TR
234.png,XWDN
235.png,VPCZ
236.png,75WG
237.png,VXTN
238.png,1XL6
239.png,VHN5
240.png,W26G
241.png,2SDL
242.png,8ZHN
243.png,8P1T
244.png,5CTV
245.png,GS6P
246.png,C98J
247.png,M1H2
248.png,C5MT
249.png,R5XC
250.png,5L29
251.png,2V5W
252.png,M428
253.png,3PSD
254.png,VJKP
255.png,PL2T
256.png,BV47
257.png,C5XB
258.png,ST3W
259.png,8L56
260.png,8S15
261.png,32KJ
262.png,9ZJM
263.png,S9TH
264.png,NJ73
265.png,HWG1
266.png,CNT2
267.png,VC6G
268.png,1K4P
269.png,8PT2
270.png,6WSD
271.png,TK2F
272.png,TCFM
273.png,D62C
274.png,NM8Z
275.png,5WPX
276.png,82BD
277.png,S853
278.png,XBCF
279.png,B49L
280.png,8H5M
281.png,V5Z8
282.png,GFPJ
283.png,P69V
284.png,8961
285.png,2TJX
286.png,8GMH
287.png,T91C
288.png,LJ1P
289.png,4DBH
290.png,3HLS
291.png,5PC1
292.png,9VLH
293.png,DMST
294.png,8SZM
295.png,B3CW
296.png,9H7G
297.png,C74S
298.png,KSWX
299.png,PKG5
300.png,RV5W
301.png,G2ZH
302.png,T693
303.png,G1LX
304.png,S3R6
305.png,745G
306.png,V1HW
307.png,KDLV
308.png,ZBN9
309.png,5LCB
310.png,C1F5
311.png,W19G
312.png,SCK3
313.png,3MJB
314.png,B4RF
315.png,KD7B
316.png,T3GL
317.png,5NXR
318.png,5LD3
319.png,T362
320.png,SFLT
321.png,WDVR
322.png,PCK3
323.png,D2LM
324.png,GXCN
325.png,N423
326.png,SFWR
327.png,TD24
328.png,W9PJ
329.png,RX5Z
330.png,1T25
331.png,N1R8
332.png,RJ53
333.png,V3KL
334.png,2SKB
335.png,3FXW
336.png,ZJPL
337.png,G5PL
338.png,KGBR
339.png,C1BS
340.png,D4KM
341.png,GJDT
342.png,H349
343.png,2R1X
344.png,C36Z
345.png,ZJ8B
346.png,G54R
347.png,T3P4
348.png,CP6T
349.png,1XP7
350.png,2G1C
351.png,94MK
352.png,PC53
353.png,8265
354.png,984H
355.png,68NH
356.png,T1DV
357.png,X6HL
358.png,7BG6
359.png,MS9N
360.png,MCXJ
361.png,JLZT
362.png,TLV3
363.png,XP49
364.png,N3JL
365.png,JPFN
366.png,2VMC
367.png,2W5L
368.png,BJZP
369.png,9W7V
370.png,9L6V
371.png,FVNC
372.png,PTB6
373.png,96CV
374.png,BNK5
375.png,VXB3
376.png,TRFB
377.png,TXN5
378.png,MPH2
379.png,L1RC
380.png,D2GN
381.png,NGC8
382.png,J28H
383.png,RHZT
384.png,37DK
385.png,VZDX
386.png,HZVM
387.png,VNZX
388.png,4MBZ
389.png,TLVZ
390.png,4GV2
391.png,PMNK
392.png,1FHM
393.png,CBKN
394.png,8LTX
395.png,BWJV
396.png,HKFP
397.png,GPJD
398.png,TH45
399.png,6X4W
400.png,9ZW7
401.png,D6G5
402.png,C2XF
403.png,MBZ4
404.png,16PJ
405.png,CNXZ
406.png,HVCR
407.png,4J6P
408.png,FHM8
409.png,W4HD
410.png,7PXD
411.png,7XTL
412.png,PJCK
413.png,C5L1
414.png,GK8W
415.png,KW3V
416.png,7BVM
417.png,NW6S
418.png,375D
419.png,L4XP
420.png,CHV7
421.png,FNZH
422.png,VWJK
423.png,J7VW
424.png,4X73
425.png,SHBV
426.png,KH6F
427.png,4KNW
428.png,8TMZ
429.png,56BK
430.png,JZ6M
431.png,3SV8
432.png,MGSN
433.png,F6DW
434.png,5MJK
435.png,RX8V
436.png,S6HK
437.png,KB74
438.png,6WR9
439.png,HB2T
440.png,VP1K
441.png,VDP6
442.png,37C6
443.png,H4CL
444.png,GJP9
445.png,T5GC
446.png,KR78
447.png,DZK5
448.png,9HSW
449.png,9XBJ
450.png,48J1
451.png,R4TB
452.png,KJTP
453.png,D7WC
454.png,5DC1
455.png,MB96
456.png,5LWC
457.png,5XMZ
458.png,5BRZ
459.png,LMCT
460.png,J5Z1
461.png,K3DW
462.png,3DKH
463.png,8T3S
464.png,4ZRP
465.png,GFC9
466.png,L6N3
467.png,85SV
468.png,HZSK
469.png,JKT3
470.png,RZKS
471.png,C5VF
472.png,MH6L
473.png,74SB
474.png,5ZHM
475.png,14KR
476.png,L6PG
477.png,J5PM
478.png,KS2H
479.png,PSWB
480.png,B324
481.png,W1RP
482.png,LF4R
483.png,29V6
484.png,34MV
485.png,N1WT
486.png,2NPC
487.png,ZG6X
488.png,3Z6D
489.png,S12C
490.png,MGLX
491.png,VKLN
492.png,5WTZ
493.png,B6NZ
494.png,JPLF
495.png,LVKZ
496.png,S43L
497.png,P5WG
498.png,LSV3
499.png,3KNP
500.png,XT76
501.png,ZNJX
502.png,WC6R
503.png,C7PL
504.png,W2GC
505.png,3LT9
506.png,V1W6
507.png,49HK
508.png,G8X9
509.png,HVPR
510.png,NB6F
511.png,MFP5
512.png,B7V2
513.png,HDBL
514.png,2FK3
515.png,WJTF
516.png,LHJZ
517.png,M2P7
518.png,VF61
519.png,HWRJ
520.png,RTVB
521.png,F1XB
522.png,5MN2
523.png,9FNS
524.png,5VRL
525.png,DK5C
526.png,6LVG
527.png,WLPX
528.png,21MG
529.png,4V6G
530.png,9J63
531.png,916T
532.png,7DSJ
533.png,GDS2
534.png,7ZSJ
535.png,5SRN
536.png,56NV
537.png,T86Z
538.png,51L9
539.png,2BRW
540.png,5P32
541.png,7LN9
542.png,FGXR
543.png,F8CV
544.png,6TCF
545.png,1TB7
546.png,SWFP
547.png,DHRJ
548.png,9DG3
549.png,XKB6
550.png,SC76
551.png,VC57
552.png,CJ2D
553.png,51JD
554.png,VJ83
555.png,FXC3
556.png,HZSC
557.png,1C5R
558.png,P1MG
559.png,L6K1
560.png,VH98
561.png,FM89
562.png,FRC9
563.png,LH4V
564.png,SFR5
565.png,S7R9
566.png,5FJM
567.png,ZTSM
568.png,J6LC
569.png,6PHB
570.png,F2X3
571.png,5R48
572.png,3HPJ
573.png,2VTP
574.png,D65X
575.png,FHB1
576.png,DG6L
577.png,ZTHS
578.png,86GP
579.png,5FVP
580.png,351Z
581.png,ZRBX
582.png,H327
583.png,VLTJ
584.png,G54D
585.png,2KL5
586.png,KDPL
587.png,54JW
588.png,8SGH
589.png,F148
590.png,256P
591.png,BF63
592.png,JT75
593.png,CNR2
594.png,23FS
595.png,P7VS
596.png,TNV6
597.png,K73Z
598.png,J15B
599.png,K6H3
600.png,TS12
601.png,5378
602.png,Z369
603.png,WLJ4
604.png,BM4H
605.png,5J2K
606.png,8VJ9
607.png,G6SR
608.png,BC5F
609.png,CNH8
610.png,JX4V
611.png,9H6X
612.png,TJ45
613.png,JFS4
614.png,5MW2
615.png,XNCZ
616.png,1FW3
617.png,LPSW
618.png,WZVT
619.png,1F4H
620.png,XFN5
621.png,GWN6
622.png,Z321
623.png,H7V6
624.png,4KWR
625.png,F8SZ
626.png,H8K6
627.png,FPL2
628.png,LJKW
629.png,6S5B
630.png,HCSR
631.png,27K1
632.png,ZJ48
633.png,86XW
634.png,67WB
635.png,GZVX
636.png,W2LT
637.png,GMJ3
638.png,5VWG
639.png,G51C
640.png,M1BT
641.png,93VZ
642.png,G92L
643.png,L87G
644.png,P23B
645.png,MZP2
646.png,8XGC
647.png,FK85
648.png,XF4R
649.png,BM13
650.png,B9DX
651.png,XV6F
652.png,TZ9K
653.png,6XKW
654.png,CVT7
655.png,MCWS
656.png,N9PH
657.png,F4N9
658.png,5NK6
659.png,XF57
660.png,BL4P
661.png,CF74
662.png,S4PJ
663.png,C158
664.png,694D
665.png,WDJF
666.png,1HDL
667.png,G497
668.png,LN5X
669.png,KN5F
670.png,7V21
671.png,1G6H
672.png,P3TV
673.png,71VF
674.png,CD39
675.png,XSDW
676.png,F48M
677.png,274T
678.png,4GPV
679.png,BNDZ
680.png,CD8B
681.png,3WNC
682.png,6C74
683.png,S9NX
684.png,XMGJ
685.png,N53T
686.png,NGV5
687.png,MPBL
688.png,G8JL
689.png,L3XD
690.png,SNFZ
691.png,WVGR
692.png,G9JZ
693.png,8MXC
694.png,ZTF3
695.png,LF6D
696.png,RS1Z
697.png,61SC
698.png,2H7Z
699.png,R4SD
700.png,4WLZ
701.png,9TDG
702.png,48V5
703.png,28JD
704.png,V6HW
705.png,PV9T
706.png,M5NR
707.png,4JKH
708.png,6K1P
709.png,9RMN
710.png,BXG6
711.png,M9ST
712.png,WTZ8
713.png,M48C
714.png,41J5
715.png,ZPWS
716.png,1XV2
717.png,Z5VG
718.png,ZLF6
719.png,953Z
720.png,KCWB
721.png,1Z9T
722.png,P8L9
723.png,Z4GF
724.png,NPJS
725.png,7K3D
726.png,HM64
727.png,5FT2
728.png,CK23
729.png,7G32
730.png,FKDN
731.png,KL2W
732.png,ZSVR
733.png,3RSG
734.png,KVDP
735.png,965H
736.png,RM87
737.png,63SM
738.png,B98X
739.png,9H8G
740.png,2CT8
741.png,W759
742.png,4HPS
743.png,CJD9
744.png,GLWN
745.png,G5ZS
746.png,FTJV
747.png,21XL
748.png,XS41
749.png,59LN
750.png,NC1K
751.png,VKMJ
752.png,NBVL
753.png,7XCL
754.png,XHSP
755.png,TKRG
756.png,CG8N
757.png,B8C3
758.png,6HPF
759.png,5KWM
760.png,MPSF
761.png,B6SF
762.png,9825
763.png,B3DH
764.png,57ZC
765.png,3D97
766.png,H1MW
767.png,HXWV
768.png,PDL6
769.png,HNDC
770.png,48ZG
771.png,C413
772.png,M9DX
773.png,3DKV
774.png,JZ7P
775.png,7BWS
776.png,KW28
777.png,FJ7D
778.png,4J6D
779.png,RT86
780.png,9PGS
781.png,5R23
782.png,VMDH
783.png,5V7R
784.png,R18S
785.png,35L2
786.png,FNX8
787.png,N8V6
788.png,WHML
789.png,1NZB
790.png,TD1H
791.png,H43J
792.png,KHT8
793.png,7FCJ
794.png,5GHW
795.png,9RT7
796.png,2TJ9
797.png,92SV
798.png,NB78
799.png,XZ9M
800.png,3T85
801.png,VXL1
802.png,1V8P
803.png,MTDL
804.png,72CK
805.png,Z5TC
806.png,3R27
807.png,GL2Z
808.png,LSKX
809.png,39B6
810.png,WZLS
811.png,KXN5
812.png,M934
813.png,KT97
814.png,FVL6
815.png,WTKV
816.png,D4PW
817.png,VFC8
818.png,5L4N
819.png,CG51
820.png,SMTD
821.png,7NFH
822.png,3VL7
823.png,H6LM
824.png,KBZX
825.png,KMJZ
826.png,SH8R
827.png,86TX
828.png,PMFW
829.png,SRCH
830.png,98H4
831.png,ZJ3W
832.png,83L4
833.png,9FS4
834.png,N14T
835.png,M9PN
836.png,T2WK
837.png,8R36
838.png,C84B
839.png,MS8G
840.png,9P54
841.png,5HRV
842.png,DZMV
843.png,KBH7
844.png,LDHN
845.png,GVPL
846.png,41PB
847.png,8JZ2
848.png,KPDS
849.png,1MVC
850.png,C72S
851.png,TLC1
852.png,JXZS
853.png,FLWR
854.png,C84B
855.png,LZVP
856.png,DX36
857.png,PZMD
858.png,3N87
859.png,TBK5
860.png,K19D
861.png,4TBF
862.png,J1K3
863.png,93DC
864.png,WCXB
865.png,J9PN
866.png,NMWH
867.png,NZ95
868.png,RGJH
869.png,L3JD
870.png,DZ7J
871.png,W326
872.png,CNFV
873.png,GFNM
874.png,C2TF
875.png,K2F3
876.png,69SL
877.png,M6X8
878.png,WGFD
879.png,B9KJ
880.png,MT38
881.png,8ZR3
882.png,3Z17
883.png,34KG
884.png,6KDR
885.png,VMGB
886.png,T3JF
887.png,2SGJ
888.png,ZBXS
889.png,4R9Z
890.png,TP3J
891.png,KJ28
892.png,9K8R
893.png,GXFD
894.png,641K
895.png,W2LX
896.png,64RK
897.png,X8G9
898.png,D5HC
899.png,57C4
900.png,JVCT
901.png,RMDF
902.png,4SDC
903.png,JM9K
904.png,97J1
905.png,STV7
906.png,56BX
907.png,3918
908.png,75KR
909.png,6XJT
910.png,M51R
911.png,NFVP
912.png,G7FD
913.png,ZTXR
914.png,DK2W
915.png,732S
916.png,9LGP
917.png,HGN4
918.png,PS3B
919.png,H5RM
920.png,6N4X
921.png,NDBG
922.png,XZ5W
923.png,TXMN
924.png,M3BH
925.png,R59V
926.png,6SNK
927.png,J2RS
928.png,VS56
929.png,3XM9
930.png,NXZM
931.png,BLRN
932.png,RDJ4
933.png,MLXC
934.png,BX81
935.png,6TFV
936.png,ZCKT
937.png,8TMB
938.png,N8SC
939.png,G1S5
940.png,ZRJM
941.png,26ZJ
942.png,PZJX
943.png,D1R3
944.png,5KGF
945.png,R3PV
946.png,RX9T
947.png,GTWV
948.png,PNKL
949.png,W4DG
950.png,HGWP
951.png,NMC3
952.png,GS9H
953.png,JMT3
954.png,K98Z
955.png,ZT6K
956.png,J9T2
957.png,T53W
958.png,BZ6W
959.png,6DC5
960.png,C4TH
961.png,GDFN
962.png,MRJB
963.png,836J
964.png,S4J2
965.png,MDGX
966.png,34H9
967.png,4MGP
968.png,5KGP
969.png,VTJF
970.png,BNP6
971.png,XHKM
972.png,WFGK
973.png,ZHP2
974.png,SKWM
975.png,R1DM
976.png,F1Z4
977.png,XS7Z
978.png,8B91
979.png,LNG8
980.png,SGZH
981.png,JBVZ
982.png,C48K
983.png,G5BD
984.png,89G1
985.png,DNCK
986.png,3D9L
987.png,S96Z
988.png,VDK6
989.png,H3CW
990.png,XBD9
991.png,PZ7W
992.png,KGHV
993.png,82D9
994.png,RBD2
995.png,G896
996.png,6DPZ
997.png,9SXJ
998.png,BX8J
999.png,JB5R
